Distance,Velocity,Angle,Vehicle Speed,Risk Level
40.581311290499436,6.36885493631997,47.10702307246307,30.18108982626694,0
95.31785910894203,16.715127473972387,44.456183832959965,33.90044191574117,0
74.53942447208348,26.315429240415842,163.1258244937866,17.51403696377497,0
61.872555998718475,22.234521705877274,44.918315972911095,28.74622298820997,0
19.82177084203147,24.39027328798204,48.95095070315358,27.15237949431246,1
19.81947943193925,20.104717634610804,136.69168723523347,34.98491130364813,1
10.517943155978948,21.076020371017723,80.9531716410972,37.18261181443782,1
87.28673384861884,25.62667389539426,139.8079002519326,10.364703144321604,0
62.10592611560484,8.240372256916391,11.765908361589343,30.22059757176378,0
72.26689489062431,15.193323945651073,87.76281486120918,11.55507397359187,0
6.955526958101233,7.415073812768465,6.050448032990873,26.465759952320678,0
97.14143595538945,29.642372231902762,11.277576621963814,18.628981871310344,0
84.08205087604007,28.377720850911786,163.15874160199397,19.203297985664236,0
25.172215514436235,2.143377529686671,25.06416680116713,20.588755103570698,0
22.27337188467456,21.461680002954964,95.83572280953908,28.638773471488303,0
22.42342843607621,27.832201205054307,73.99720846812718,20.021498970063078,0
33.90301308115608,6.236685008692673,62.52179872659168,31.98097151770841,0
54.851861005062595,17.470411686026253,161.97000222370903,22.13582156721609,0
46.034776771001,27.549160630053212,3.92821141958811,12.050596009298758,0
32.66676831881398,1.9844333789881663,119.48214351160604,33.512795274523214,0
63.12602499862605,21.22518775015836,173.41099815843907,18.57274973778118,0
18.251916761943974,9.623121213803973,100.83027302313155,22.98300638797788,0
32.75374161084572,27.80748966591938,168.62804316595654,30.563316496657045,1
39.804375112900715,29.160689109795666,9.406418271484277,19.97368471446136,0
48.32664850061841,28.383728184289584,75.38279743334905,11.697569684401468,0
79.59171633233629,14.752212283066449,46.82840237316921,21.217631410384406,0
23.969009305044175,25.99923687869009,131.54777369653135,38.333457480829104,1
53.8522716492931,25.491932557517043,176.63347628950442,29.252031918956746,1
61.27938404189403,10.253913724054414,46.1754112399646,30.14437446001621,0
9.412789208399783,25.038548750369642,117.7514282653334,28.968464609129196,1
62.716760930636646,2.073221406749286,35.65757389675322,15.969764168783104,0
21.199791750292697,18.291826475979537,101.75944582288979,22.550015923068404,0
11.179901333601554,7.670256281343389,83.50784760390052,32.52819395089955,0
95.14412603906666,4.496439687541086,174.96095933367667,13.041186926594774,0
96.73504314208314,3.2316428472470653,109.53490908536398,18.335583282691367,0
81.79774807106381,21.19237450046605,62.91114697562738,18.289573253975608,0
33.93830807147022,10.856373949273918,20.537241279828006,22.960567827835177,0
14.278850830606467,22.018236374334084,27.22442917228822,39.41106222826555,1
70.0021375186549,2.8953338831693287,40.55704739122232,12.025076400514658,0
46.81448690526212,10.1434197970877,45.17399904125364,25.56102983141785,0
16.593632310253987,16.64524747888478,153.1108904114048,15.380940460366315,1
52.04180646057067,23.930971780329944,101.02010189085449,39.12029636229232,0
8.266909505945748,10.243822585030028,94.21036404738597,13.399105141823926,1
91.38543819748429,19.150849916673263,20.658396936459145,22.10803007084774,0
29.584098252001606,26.693354698849426,154.8251448028983,32.136549545038186,1
67.9396170136283,18.86003245728683,130.10657457752706,31.13663284082336,1
34.61255222849404,7.755824767855379,12.180305142000286,22.681859106817967,0
54.406462011892025,1.7076226651396027,127.41031750135836,20.395725038581546,0
56.937476537611566,26.232867343126966,97.83687912167629,21.92837135658612,0
22.561173274925068,1.6168129146612271,14.710562234420086,17.92828789475918,0
97.11053963763307,26.36634850784178,82.49411547515817,16.159988161203994,0
78.63761821930588,16.339176886789147,87.24533168340845,24.4911909267667,0
94.25239944859797,28.23296325687399,29.839417229389635,18.056012682028218,0
90.00859829062664,24.164713837436295,170.22566646005083,18.623849946917503,0
61.80049798705309,29.940089205466787,152.99556686651914,29.702681904236712,1
92.5780523271961,11.170642648099594,120.4240207192395,39.05611995099677,1
13.406787694932353,23.24846037900268,83.21320098010929,28.109116016781254,1
23.618371929818792,12.655996494668022,74.11779748521153,12.309384011948989,0
9.296592446501116,14.916392988813357,117.17522408717176,12.267508415622009,1
35.90638142251011,19.197658433332734,98.17773649324299,38.54269662536698,0
41.924342520500794,26.336636311403822,11.209159058739411,18.91872370922001,0
30.778158018520113,29.53842060677956,92.2504767786597,12.762009582474263,0
83.73006336943328,23.27992900207103,145.15265110191112,27.971337614511448,1
38.89156603589098,13.115236682852679,82.66317796745246,28.709463348707985,0
31.688778420301173,13.219353066035035,9.352183959768315,29.455144603560644,0
56.5561279000336,22.389886746077853,141.53007588912595,18.02206083572624,0
18.387801372602453,7.9245372272807675,36.24548078447539,10.45332052643425,0
81.20871317163378,4.203749280810445,46.55175027984698,38.95046108363415,0
12.082311149578228,11.28404257158252,29.64714361781326,17.526791370733076,1
98.75425897704915,9.32993075796837,59.43871167686956,30.280788641576425,0
78.36325308318246,9.592935493223713,136.2152710239543,31.19889609636129,1
23.87798974574638,7.774624780447388,93.48945471070873,28.300222512384572,0
5.524601126742228,2.220702499454495,36.87862934712826,19.387221826409444,0
82.46883570320925,1.5183441072690005,158.00941406736735,18.132887612921973,0
72.15144766552362,29.643949302344915,158.32473389127526,27.930048481081094,1
74.2556809638938,13.405420878340008,156.70411650828123,35.98286900835075,1
78.27068293516484,12.14547276763077,42.98331804867707,38.402011867701866,0
12.034241914738583,20.709771198099027,81.22308195257786,13.177174132112729,1
39.0542442117059,7.329362748086861,177.2981381053575,14.644858377931595,0
16.00756065488732,28.548874334556533,138.96224573579826,38.34208776349239,1
86.99482545818138,23.80400541805101,4.890135820600767,32.09605685004378,0
64.21332204861801,3.5929190670555258,11.73682642688857,36.489814744893195,0
36.43531236100167,13.109842497762923,83.5076478262199,16.078979024060295,0
11.038043277172246,26.494430919302776,163.65963705508082,27.627576133282055,1
34.54332056298791,28.3972286464509,96.96632363148856,31.03418783252421,0
35.89241559254097,14.554643826246222,89.60625144617224,30.40335656340918,0
74.31258694211608,18.788930287110524,18.985265992193504,22.244550726000945,0
65.56795977874525,5.843984436670182,118.22041885037292,10.461846750739255,0
89.28521054475102,29.74389015797232,147.9785689080406,27.487781704127894,1
49.860417890385186,7.718479340119859,68.47560135136122,17.593046175388263,0
16.36145336413866,28.339221449918643,139.61013316655894,23.50762738428671,1
72.75825478618452,19.839752820778685,173.60579770214608,38.72743045251452,1
77.27457961860526,18.624367051486914,36.677962642984035,21.97105952927304,0
58.32133376910214,15.867966819478749,94.19933361505343,35.1940481999328,0
78.2418820956833,7.689424539815002,51.6848324552236,15.656218172477534,0
51.91058165461712,6.11931292815974,142.71379542609108,30.173814940750866,1
54.65961879128943,7.3941000630350855,103.96680585860835,39.3102086331683,0
45.616396744062214,6.406709602183381,114.22483515905468,13.056793026188103,0
7.414817040689043,23.607949733435845,143.62454873086094,10.24959826681576,1
15.249685564363922,11.153632515835174,71.27468507924188,23.007483778978433,1
7.9857726402397535,2.6774376203384946,164.7162123132678,12.778764491541015,0
65.45898907005915,29.10397627408353,95.9451961043052,32.45153049028694,0
34.86381820225104,26.629790663939346,28.431868110362643,37.436459915456766,0
53.31421566064677,27.904816212661174,125.26184127038444,23.020629181262763,0
91.21881502297883,29.852326856746622,142.7870430788858,17.76134926466323,0
28.68276176914312,6.042962227365131,57.017101872154804,23.03209957019829,0
43.98637768838483,12.491018548177104,154.29226625977554,31.70343453550003,1
76.77735816158962,22.98891579541865,163.10578585783796,10.271624847411129,0
26.735825721704135,21.184597923559974,49.84280772800561,27.683619684540915,0
12.313091433735334,5.462981283855797,177.03386508873996,28.398750546621372,1
32.526388026807965,24.659160624727914,25.328075048776515,29.130647406878065,0
20.31602228913042,7.50877658326316,36.36282031244819,17.260662399426316,0
93.32127697254444,7.490710829856069,33.16047106284471,31.421581701343804,0
81.77143605861961,16.572258263908992,160.91814780141667,12.741744589953292,0
65.17335686849023,18.19525811040939,117.77265941849313,15.978110094004023,0
87.78875606783318,17.822500027296524,27.37877098000912,36.32410139963446,0
81.34884730541587,3.6531182845348913,79.25821530630282,32.16169452179699,0
22.724155594173403,26.44636501628103,110.75364451256436,10.412366620340357,0
89.79310485654788,8.702401235072475,15.023535298088992,17.451287811094005,0
56.23751298198682,4.755932717201321,158.83494631332098,16.432194489794938,0
81.70681474058594,26.773694316200338,144.64863637947633,18.124189841109178,0
90.12867349273186,28.713893448662848,90.93721924379489,17.42679310839659,0
35.210330122327065,26.00170090069807,174.0827907466507,11.875788872285373,0
15.454932830129293,24.475966167021465,75.19697626951795,23.76821549790461,1
26.65384044148446,20.00201743853163,177.13985742656962,31.982004243584953,1
45.57523991949435,16.97486374766504,120.22559978465287,28.201951741523093,1
82.71140276263685,3.522616037430894,114.24082918570946,30.186150057942392,0
86.76940540935263,12.845143179050263,29.8718811532413,12.434475356087175,0
5.660452400463117,11.807966993357105,158.7469964948359,38.54472130530362,1
53.52099374486875,8.53285972904946,76.94814382571073,35.154755015290746,0
44.654045299134005,21.979183296968962,29.202013040846285,34.15270955486988,0
26.100241994719372,15.380396317284353,2.2693535956366273,34.68951415125302,0
16.387209896699865,3.35034026132179,100.75602305490887,37.98131524398284,0
37.07344128334466,7.3853128565445285,94.93193198208174,26.327618983410932,0
94.57642187168932,20.814504146128282,129.48365202644854,16.008460536028778,0
35.704278541971746,3.2077949252187055,160.2464495432044,28.503508235576234,1
54.28510906561978,25.68500050741429,14.293185235745314,32.28644481003817,0
71.7868010950419,15.359249283405255,131.66936826126522,32.13752180062076,1
39.54481222603293,14.937010742472792,33.7341499375648,25.643470725006402,0
97.31929785849127,18.17982575512601,154.47186956828952,12.053761580007341,0
96.43249301950057,24.915748011829326,147.4314324950981,21.133388152903834,0
28.919318103409594,11.086467029163598,97.34287589739799,37.62299825390072,0
52.23860805977662,20.662468424212843,127.84370375219608,27.53346729272278,1
33.58343943259312,17.40622695587794,56.58302037307471,26.149958297671404,0
32.05984696585942,8.743819834913218,84.81022180790663,18.065605431465805,0
8.504259998680617,26.480269604299583,147.8946415878849,21.053467597497367,1
62.9086117280902,24.125354626600917,82.6677354911785,36.86038267459508,0
52.75450720674184,20.09510320509434,64.40368775857952,29.99389142580507,0
9.890481368748988,25.666870143733014,88.95824050505398,33.62161080256999,1
31.471414102478086,26.15153182783427,149.0848654386993,23.630362692029653,0
91.2852591668321,21.54252632473601,60.33744852675709,28.907416583684736,0
27.75837961336238,25.273386522546488,31.277086764433882,17.451508262296226,0
18.765012848666196,21.226672388409227,128.16252365954054,31.163824908504587,1
51.49801222636849,20.724082381048714,148.67607828745471,22.82804001110012,0
98.63679314050707,18.939729968240346,18.114746134236,23.27636544444237,0
27.99525079359254,22.828782547171595,43.17734029607005,29.47966973730645,0
68.85287700355846,5.599548053499137,25.554958156978902,38.0884186440678,0
77.35386345622817,26.545252016768924,62.62945408478999,11.920190398258628,0
27.57556667927797,26.283462304611728,81.06317620297428,34.74229712041023,0
74.18055311812665,1.8481712080022152,134.78874065339517,18.77149331236579,0
39.93939760832906,24.948685766378116,117.20656527870135,23.317583635191333,0
65.06905390639005,4.7372261567299105,111.7671421461176,10.65739986325027,0
65.18532252228499,10.718446773515115,63.42749038973779,19.03138233502939,0
55.89859498710206,22.561739432456626,151.4605595552568,25.078937278903915,1
13.577528155168789,5.662036985400938,84.83169013166962,11.68528232042317,0
84.35373708097761,24.721043699452803,176.23888884272782,24.732871881494955,0
35.474106172314904,25.131891160774515,114.14558489323264,37.81331886575282,0
22.719258487986153,15.71656427906425,22.727653481610492,13.161796543234157,0
8.873638447702572,1.185190279788174,121.71196117357812,32.93322184226513,1
61.134829602882974,9.324105862072471,58.51872277770582,22.29013160127978,0
69.36861437501683,18.890880632896526,123.53889540349753,29.65521143573014,1
6.575843748146335,29.45439916279528,12.535406669233033,17.807097939556883,1
53.64884053843169,19.322592283483385,31.47865869167269,14.78476787624075,0
26.517098643804104,8.534303850860635,154.03270660304153,14.813878428136793,0
66.29141508889774,19.386165389888728,40.89232026423268,12.11475836929434,0
21.564810755474188,16.65957601175981,150.6674025437292,15.56940114703729,0
70.63908511973426,23.615516459383166,50.269695921793875,29.92658154966905,0
41.73985789855105,4.102438525981794,115.71874381056737,36.45071835530524,0
93.98934892998977,23.069809172558813,124.94710323176957,34.423770567734856,1
18.06448969386936,16.696730781607197,92.27785556610952,30.55402929623452,1
37.40130334977456,28.926768111910846,54.955921805411634,13.31295590233308,0
15.779984517855961,10.914292815121897,38.2759877467973,18.675623388878495,1
92.84589373646347,19.346034900884497,5.97408382123672,19.29420625967407,0
88.3472385711932,28.028815059790507,54.71035222333028,17.498708391928638,0
29.504454632939783,3.9727821117296984,117.56930229563095,25.450169791291692,0
67.698484373247,28.179626129857084,168.8948673207269,26.066614446390176,1
82.63610901911551,20.948685946723586,156.81680680734937,20.706579255133306,0
57.744077101948925,2.967274714049985,137.89165977635446,20.61367476209308,0
55.316804943820614,9.727943441457672,141.92052178559376,34.856667937182436,1
27.97596763554291,21.536990570713165,119.69728262567915,33.67878544959056,0
13.844762941560425,2.9531674425943795,46.85163436188054,19.23387495042237,0
90.23549700556605,17.882943345111926,163.29510552704937,37.41365331619778,1
90.5397154305164,11.030608651635745,120.73181614305012,38.584450510075186,1
65.14463844096045,19.006550015256835,100.87931357647919,19.802276260901223,0
37.20783014962657,2.3265189805628728,19.978104458426593,20.632748463791646,0
38.17490958820279,26.27456737841891,80.46999788515657,25.169024602658766,0
73.96578949267274,29.23118010614451,82.86448881634674,38.233624376010205,0
90.22547469549482,29.097457803285053,155.6214497140806,36.289582994269345,1
89.27321030518614,22.739903120544817,98.39667963380192,13.077038877507693,0
79.08817685647426,4.772500963788327,68.47209881467374,21.781922298142486,0
65.99300638465733,22.989632681941654,175.8240591319187,26.601135692493155,1
12.993296674529638,1.7130205773052438,19.92970679873682,25.0939741765462,0
20.35472783898831,1.6415829943409204,76.05871709615003,15.81589203810678,0
90.36264791007252,10.384696355336697,7.564441530852952,35.76450313504464,0
62.61076066766104,15.170652521735306,133.18274173804747,30.30822348990512,1
5.873719903579817,23.341815116426,165.25377939584712,35.13725124555411,1
14.63979657227305,20.81556592158865,50.4067193190881,35.76292838048417,1
68.0326680652653,13.931178484925702,154.50150182384175,32.450675609972194,1
5.480850465390775,8.93517332216831,52.599281483141596,23.17631803749152,0
20.27676488466237,29.916610504573622,163.93862909590473,28.316402650462738,1
57.129709989825685,13.359257764843216,135.7131426474211,14.810962183592295,0
70.73004378080586,14.09022370556059,144.88321983145894,30.20936252424723,1
66.93631965274704,5.745090814558406,3.24118000808181,15.377597672178423,0
26.30558439875318,24.049476913747952,173.30586427332466,30.818487715304705,1
72.6570260280159,21.11678454766317,130.80077857265817,16.887944822619062,0
27.538663312196007,7.402318770874052,54.855197169503995,13.5265390045066,0
35.912971325130435,3.389050322859438,149.29103967459244,14.958534704288724,0
75.91668348621229,20.73447976016668,50.67381571468739,10.059764056572108,0
66.7151254094854,19.980825214152922,157.09569112190303,31.56218853560591,1
85.6762239969469,8.92452628294807,20.264470274148664,31.97203147175137,0
67.47322476853262,28.5750433052619,126.66347594294324,25.448000497397786,1
58.9893173168698,5.380678861646107,97.32572579608386,14.84088403166151,0
13.899102943668785,13.537709230235455,17.376204635179345,12.506630125320692,1
39.93300129064618,28.36486168486037,43.540889086591015,10.57386899311861,0
30.19422492976392,13.172092190857548,2.232726529916662,14.97244530895662,0
28.17901612101294,19.51725248225848,84.37823378361105,36.72566604949441,0
97.43600270148232,12.530237540921034,54.22774693680007,17.24610525105045,0
42.34428384334224,8.952240868111431,107.70434717359659,20.62813981651647,0
89.74442274182576,29.53535179083502,53.50280538755109,13.160364534439996,0
64.95816946973997,12.870686183136247,53.985440071257244,16.67083914244511,0
80.5070738364566,26.9288769066949,133.7747757716886,25.576737123406154,1
52.75052384499325,7.668683570841499,8.665710476103621,28.232580492869577,0
59.80586903950412,7.1800364167274155,162.52109913455772,17.36056942498633,0
51.78918091279207,1.9028884036508296,153.40749739041266,11.731964776753516,0
23.54808384081423,19.898337935900667,120.20484298075317,21.73098607382196,0
73.632950949843,11.687263967989074,106.77988261932917,17.026101127790024,0
31.6733744318813,26.066389245349473,160.6144496651374,16.58661769689406,0
7.310016810988115,14.723087294055158,33.3594323151686,38.795884081403656,1
66.31986811118094,29.07760940952693,14.21444919434915,28.489014577771723,0
21.825514543669648,6.380239955390513,43.11183058371686,26.706353295162877,0
94.34356551352685,26.190071870712714,143.02409016603426,22.47325310569966,0
95.6232148152458,23.52130873096051,6.240648010766998,22.86833000290433,0
91.91211707094261,23.356733494677506,104.90523031502813,26.227150115142425,0
40.16507652426722,25.498713615389743,179.1787529144358,30.892894211083217,1
6.468378570242406,23.06969573734697,154.0252968907571,31.064382885454883,1
93.1902634458339,19.160389327311048,93.8602240278461,15.150817231163487,0
45.67749409014486,4.80610145278924,11.455363671595622,25.00338256229881,0
96.83220780914861,1.9432592052463056,149.64723258942777,22.35874285102306,0
96.54389782347901,27.70458758665492,107.8161314718979,36.115808988081525,0
86.03589826939921,18.882859121101404,20.68793947072203,28.942567636551292,0
32.97264474661064,24.099581438309112,16.894311268204117,25.975121992479455,0
41.5842842171829,14.964148193863952,163.73282749858663,13.461839265367521,0
85.8579837941014,4.40193747990944,120.45604732885411,28.169136679702344,1
35.10759048984637,4.630387973873963,149.271623877016,13.516117170407004,0
21.101810935178786,20.88139332964017,158.2162020508081,20.116197266972563,0
57.89611993354327,13.478870952084417,102.91902336869799,14.285258944429955,0
93.93470354527419,6.815217074309765,93.14034331590743,30.762209410731067,0
71.12283068412243,15.256241855501669,77.47693385777823,16.18756341508458,0
59.15581115848967,2.8620591751788886,57.05038580240147,21.75578119564078,0
14.23176690822301,17.877170655517563,78.22727295456812,36.87024332856336,1
63.425686536421125,8.800808728617833,139.29833803142816,16.12949150196911,0
99.05511575990501,24.129213918478456,108.34621758272368,25.234151918763374,0
18.307981447469782,10.00049680878364,160.65419219187228,22.57814983498066,1
54.24131697455499,14.201384323372235,79.80840258825378,10.543721231371892,0
88.35044183315577,1.3369956573349184,109.27612416937572,33.782743407184384,0
75.37301868664942,3.1009597460422076,113.63535955655797,12.071377189437992,0
71.21649539455046,12.38231313579386,106.5054892151386,24.227650629308606,0
71.73598797877538,14.918226206796582,126.47407915539294,26.8203488481685,1
39.15165936587674,18.40059589545981,42.73802430746513,28.852793698437612,0
32.89122520512687,9.458214782569794,92.22547995824232,30.658948879236267,0
81.8893097704588,21.154474697669734,18.760464505502583,17.598171505681453,0
81.96077249452217,25.943549518486932,69.21203897606625,10.29936329975348,0
87.37187026510985,23.615678677907145,87.7800723518276,31.70330987064736,0
91.75785249286477,2.148945935102357,117.40036671818504,26.069697980427357,0
53.57752789178909,14.934701470477039,171.09558946551664,35.08353109621746,1
52.64404799528396,4.042975174127071,108.11719197870406,34.64165088702083,0
80.83804200184363,8.019305460013296,133.84690491178077,35.299785033636496,1
66.7465734238877,29.61321520474725,91.1278907091365,24.552839799386206,0
71.68685333948181,5.132370744143883,114.13872564773963,20.008851875105968,0
80.6003035964296,15.467756450089325,12.767798904079218,33.7467460777411,0
89.5505074726688,18.926516295225454,45.79048455153246,23.538823390877646,0
37.1095399008959,21.371484145779014,65.13355677692496,15.503265892103036,0
40.68038050079468,17.22981182112051,85.04880390117245,35.64922058684423,0
13.928284284882555,1.2833545751563262,8.216774190429073,36.47679630317042,0
59.93661339463653,10.467377939075766,25.20433755959718,23.989292684205104,0
8.414516010690498,16.013637658156632,49.82657540243504,12.270991819293624,1
49.231811722583714,3.5481284752001674,174.8758843621891,21.634782697507937,0
56.55124029721978,11.168181005066241,59.642461278549135,34.1061297838781,0
32.22141895218702,1.9628901549496303,86.76739046017485,37.05322085638686,0
61.12915975405602,3.2787764174956013,35.29758829291073,16.104182274927876,0
7.897523744209696,12.510775009846286,109.94041279363829,12.009208360758146,1
8.54807793117537,4.84875686724875,50.52297879287538,36.32051359398516,0
83.14705326266754,17.458684599585187,37.25866411891682,21.682148169366258,0
39.218110934069976,20.994484104980707,92.98307312027623,26.252828928026897,0
17.070748701929055,24.217014274163404,0.9910438488757478,39.04197436152277,1
54.61310970520641,6.804357083099493,1.379525876860559,11.996941837426686,0
78.14938754436803,5.856994885513023,39.4323856383344,29.449540223562867,0
25.5029976122001,4.032467369697607,6.6098452501478056,12.223162677246012,0
64.17459520280502,19.456477236765465,19.444635743524447,21.26406785399501,0
13.10800917440796,21.487796068120133,60.99491688097529,34.114436355803406,1
9.909763511017731,1.915998199943619,144.4654223243663,23.004166982669034,0
55.47868999897406,28.150155141067003,102.96875580647415,39.915470617088516,0
56.36033655296012,2.5071672258927,92.28019067215496,26.771778548398064,0
65.55584064232963,16.697593723731043,52.8279881774619,19.634864579078602,0
73.97867670365285,21.562755064076576,167.71566949790696,16.603339777142594,0
97.70594754894078,26.25810458863648,71.4627074226945,20.515616028584855,0
54.04853308861355,21.708521031840405,15.676698023238869,21.175998212786524,0
35.68086492941836,24.25011440902396,111.07197290120423,12.061410331718829,0
80.54268850302685,10.844055583741376,20.490910825788255,21.087225982803197,0
30.72906386989705,24.629928298648856,62.14016570430458,23.927155592176746,0
46.70228496703543,3.3233305451555792,91.3341489692056,31.68213256716414,0
12.453356227515265,26.949683025755302,157.36005444333165,29.70188454164824,1
7.408320624468463,16.88017890845835,88.83838446122137,31.262969656874628,1
96.45159939440288,24.701635328912317,126.40657788569956,10.250910456305713,0
84.41811144865956,14.117230251030705,178.70703101983267,16.53002198741608,0
71.1175495789013,19.663753160699223,23.668041581636693,29.850528651995695,0
43.85052971935564,16.26567716714728,49.451674593513516,24.519681045392414,0
21.46296040673035,22.216096130904624,71.02369360757635,10.159404270050379,0
19.861519053753174,3.367269478887098,75.92907213698965,34.13483927295467,0
28.773075325636555,2.75021043572635,73.98379354779824,33.18428719871012,0
57.17653314708144,8.165993786294248,163.36998046017987,26.45257488980688,1
72.88661265650592,5.626795723282462,128.52587600403416,11.993899773288163,0
67.71875078818448,26.281723431173848,109.42293853632667,32.99545148597754,0
31.59372020986457,7.357205633383285,55.68708921530077,27.51140763194092,0
95.71220166300344,29.300092418754808,148.28226915983305,33.458799314738776,1
75.10020708609801,10.769977961362098,171.91089206729802,32.55240977187521,1
57.66363498858306,6.281419554972279,147.81569085904079,34.090062158735115,1
63.113470892263464,23.901256707131896,0.28171893446512275,25.540241992138746,0
44.862005930640045,20.10252548952541,114.55224663301327,14.20973554580545,0
28.53444400260996,15.447675777141031,9.20436865957813,30.13472420139066,0
38.81740447186985,17.105542977191305,46.369299660069935,28.614213551559118,0
76.99538049411507,21.85685156989565,10.714446062598903,32.26759561597262,0
6.367381419826808,7.625187498607663,108.6831815308898,15.09643018152206,0
16.02690084815704,29.893683565645517,123.58618442866923,15.849255997008676,1
9.370250992066511,29.26900170225671,20.60777485186292,36.712285516579854,1
8.869236220302163,19.85944490406117,69.09099894809631,32.49933395356213,1
86.26875548104569,6.786731076945209,82.12257161199756,37.24685466100969,0
71.84749664110225,20.726619030507447,66.42954391696499,32.76145963491762,0
50.04651376329589,3.0937538603960997,21.78450008733475,27.914659179709055,0
14.294245261845141,1.888922563968376,75.41060223374558,29.62398211083621,0
51.703508136099074,8.472803766825198,135.21204860551526,36.6738377182003,1
49.97981822415374,14.416065745440173,12.781379615985983,27.364202635358215,0
21.45417764145144,26.179902656843034,14.432402534742621,28.97173972985162,0
46.215906677607435,22.087903023222932,63.85883253047716,14.694301480108017,0
42.857949767750476,22.53848911479945,169.51062809140652,24.21763660348308,0
63.505759314960564,13.339306698994186,120.34307641012452,31.49191335874297,1
65.33389683242616,11.032114783861925,122.16059220106166,18.128280949490964,0
9.30388092834423,11.760124126553478,65.14559835081569,16.067625415736046,1
40.588198389514766,29.64183734834568,106.85894241753692,19.414804246732466,0
64.45669199285246,2.163166550961992,1.8236131249938081,17.245018839785004,0
52.79794456510833,26.14391338755101,114.4972883537176,16.447379111091877,0
86.36653491289061,17.78158684859941,164.3916505637226,22.745525286042607,0
67.57589500379979,13.719847156498123,110.26322430206746,37.23515541650602,0
20.47877057273582,22.03247215203896,157.2657468239421,25.21178940216155,1
11.704031003040836,15.113399301316383,130.31514998389687,15.637611424459692,1
66.02983142959998,26.329273904368158,21.700514952664246,12.309150081426221,0
7.518574501454072,27.120354056326498,162.44159531145152,30.884684354137757,1
60.64868022097901,13.229906879330207,11.95989198403948,21.483962933091632,0
94.32187293537098,9.028006119816496,96.11414505859749,34.65492839756078,0
59.670046898208504,18.178159529207505,25.584682282822378,29.785323059223106,0
41.87614298961958,27.458537022884038,2.107189931562732,33.88724351624106,0
66.11238075202355,7.1092034811643305,75.96616682297503,18.158381182553462,0
48.53402459669408,19.066030923341,53.10732737774812,30.770767673831745,0
56.83359498501382,19.315246382683096,87.48008888356854,17.921859540811564,0
94.43915683376989,22.260277650043147,103.89597961221915,38.17205438350875,0
41.67975059107356,4.815462868690535,7.873033015610524,29.09122844600123,0
96.31310356327185,21.75892397578057,22.140593122274215,19.735354005260263,0
91.00831098582606,27.361943099303588,100.55563136107656,18.08535586876818,0
23.600157804983162,6.210810157237017,61.77012357107848,15.727797552149305,0
11.589323583140718,7.888756422792452,131.25122775890063,30.839228766811832,1
14.573910130855532,29.17045772720755,117.41249674654914,16.56146838993782,1
6.7310734368972245,6.248331628575203,152.20878533818322,27.85909797782467,1
13.972081271813197,25.777167707717794,124.64870880046055,17.939050807760722,1
69.8856434745539,15.276057836993008,77.38759393022666,29.85906834381606,0
11.762921603721754,8.169701157692135,121.13399203099783,34.44819185621618,1
35.302684877907325,26.251747136902832,49.568611365975336,33.340757294339596,0
85.26315454209818,13.9138523950773,55.13642978007828,32.82553992792345,0
7.210833894903457,15.929703263961015,142.0173287857428,15.631672170767562,1
82.3745058459489,11.417767712593205,80.3555129522848,12.651548409535561,0
31.776203603472993,18.195574691612894,143.70846129330346,30.96846485462157,1
16.225658624057345,5.74219230496566,148.03602726029013,21.05041641383054,0
71.19003070959431,12.341364562901061,154.36122077903107,22.97038679210042,0
64.74957044408899,29.112957347723338,164.9943424514173,10.934472783801732,0
88.35984128507003,8.485869548332698,77.57733969239332,17.787293478251478,0
74.83174916136915,20.045363271697475,57.39602729780499,11.01029211623392,0
81.33068838656061,10.430511862516152,104.7957743869405,36.37557317803743,0
31.793284394274117,23.430720644911418,66.81103621877297,17.301900496555916,0
21.856756659073667,4.795336160832145,108.19335002404193,26.72011508719024,0
76.30840140588154,29.124810307277798,127.00545527588844,11.169379619833911,0
81.64930023039008,14.159896700125538,123.91290332858463,30.00542173916974,1
99.09798849006397,7.845463437047455,67.41951966362184,19.690820372622817,0
44.19867930658552,3.131405672570367,30.034836305775507,36.93757560872997,0
40.3417181503144,5.922979247538682,77.49528092319736,36.643545668021076,0
78.75923127048969,16.07344450812451,25.666945934743573,19.758718550852436,0
37.37633632403669,10.773092116507303,160.2174663330855,37.02882687071404,1
93.42194593233864,25.037617610595674,62.25794293281433,39.88473020496336,0
86.54921142508613,13.495738186192373,27.802754500198283,34.76246992371844,0
45.75443260062674,8.212713905041268,4.580596783035158,35.34614043265687,0
76.33275144019225,18.897204611516873,116.24802953156717,17.470262083272697,0
76.68157303804482,21.49653928967793,114.64241714185378,27.30107196573269,0
14.796767539413597,5.844215329127546,61.3087499846325,12.017677419021036,0
90.74252613455883,5.860957272361212,12.908139992577182,12.847538104650091,0
52.998975382546426,2.063471381072746,73.73320108114176,39.96677836099872,0
83.51345928023545,22.355658436903575,56.01914911141085,19.799177482777328,0
35.40471209790812,20.250331301032347,121.88171515230168,32.44551736146539,1
90.07470670713904,14.764295396744602,109.04026490148426,34.199951590804496,0
41.974159479745495,25.480943020106718,65.6268710755572,35.74069813021688,0
6.029576890628344,24.36443443555154,39.22065976589822,39.928848922064695,1
91.01128775983005,17.975276567505812,177.84647390800654,17.244894557706036,0
13.672234294682688,26.1798671348845,81.72029181530067,11.21052480579099,1
35.334795571089415,6.969395091066279,123.88936244044267,22.33574553983758,0
95.25588686982647,4.245668962534109,25.29953416410494,13.902420094868408,0
95.30767895906783,8.822738733992699,87.40614593869161,10.672776674861653,0
59.47659937171218,2.655518826590131,4.956609576503787,20.812804814244583,0
65.02453515613092,16.403916312029928,90.98192122388099,33.51214753225709,0
47.60232458794038,28.161565076553885,173.52313328118643,26.985420736752125,1
32.85502331131613,2.1409626793867798,69.15720833744405,19.38333967631062,0
36.22313181014202,4.541187506290777,7.019282263484086,29.630260164781593,0
68.88925332731864,14.113771820219624,5.572042365481835,16.96054540926432,0
76.47558029657961,28.08237550830924,69.83761679043651,10.43144338216255,0
80.2000091539556,10.168527044325765,28.804488563374928,32.93060159309282,0
80.01372356548262,15.70980945196338,4.203377339073464,28.712292545920274,0
13.664579789625584,2.205612912461371,136.11845051103182,32.8690787350288,1
51.96992894674524,5.3019528279005765,82.53414159874032,11.168140500629969,0
10.468082201581208,29.61227356580656,52.06405895507781,35.11358883491957,1
57.20524382075487,28.98844219664532,162.01497294296652,28.5857860010891,1
46.945397630470815,1.1432594470978787,20.90501283609461,26.901860521379206,0
89.33189736203848,28.60254177727393,172.06538921195747,28.738421443435946,1
38.33692619244748,19.53447819664951,56.51400912792351,35.93299740605092,0
16.121366560622555,26.169630541080643,159.91266101556263,27.608095196767213,1
18.584209795019405,14.187455813381915,108.52971776630308,27.42851139664538,1
77.34351001315986,15.952284828798257,148.80732475346775,39.72037471197297,1
63.7307160150448,15.176550827450685,177.12236937788356,32.70190501205704,1
14.606654231665074,20.339063468837026,51.91297880737423,23.26881416353406,1
12.990146580924756,5.049886387933074,173.00438737336674,31.221910000987833,1
71.5920674886164,1.8692341063076605,70.10674108243566,21.676914150753653,0
11.912485604598384,9.929968306144536,69.39214285264602,16.86626387450497,0
83.07670563258384,21.435742119362754,61.26967876581102,27.905556306632782,0
72.09301157986714,6.853750111565502,97.45336932256534,37.84546294341854,0
12.728134160980478,20.529540566422604,27.746107772127676,37.87418560046388,1
13.059582838093233,29.127449337110843,99.66806736444201,20.25715834316471,1
98.73075995761167,3.7231207578931333,97.50686623380072,25.83032398665085,0
40.55572559683143,20.505461428528662,137.1423262688766,16.349076957095836,0
40.211003971354636,13.868756359832563,150.0569931487654,39.8689332849665,1
82.21595888946274,26.176125376947656,79.27944305623633,39.43353723603807,0
94.98861485146658,6.137343893974191,54.419984883268874,29.48526789122342,0
98.67010106317274,21.08615261455877,46.680281517077006,34.1324217903242,0
76.57092759959946,25.305343399795195,35.03229060687695,31.453004838511,0
40.744660625437,28.393812364746672,10.376564795824478,27.794746571184046,0
12.932568086373532,20.81419282039973,61.6406361902484,11.600439909666932,1
78.82895701310649,15.418068156244392,48.64458458354099,23.642930276579833,0
58.048403724901476,18.917569965835202,173.9551294559533,30.243589065022316,1
45.301090878462745,26.19824454988283,100.3875887250079,30.32594841651054,0
91.10366658399992,17.54768265252606,62.50986702549136,21.193678552671507,0
15.563760819084377,1.881224731208269,104.48416817886527,38.25075959974092,0
51.79938490763162,27.997512169702357,25.055406242225192,15.02071096710343,0
6.078596252904811,20.996275779915273,79.92787485639653,25.01078338646682,1
49.522760989442,20.61888818754015,112.72217785579149,30.726519296524685,0
10.348811189774548,7.254579419533798,88.00160972264125,30.914074176754276,0
16.287702045466833,20.10767863674706,72.32018411777837,29.459168703064467,1
16.16499344382496,12.422067763970595,178.89271000194566,18.258646403555804,1
66.67497870102605,19.885756334203272,158.45665718680686,14.686197060598658,0
75.87426353021522,4.091197878931731,112.21307246869922,29.078209804801325,0
60.420032684230165,20.077513833488045,102.4879250128109,27.979063484183133,0
96.40639210508148,29.98299804734933,111.71888636842513,15.38068030867723,0
40.612705054751885,2.398149126956125,36.236179408037984,31.1541743671169,0
32.14264819677677,29.3380513424182,71.12479378757735,23.655159752009695,0
87.51691717799872,12.800330860963248,7.102715920361877,30.032817748094587,0
26.241604659348,26.251850059780516,85.5982867476288,35.12101239310452,0
96.50614124685808,23.68917903768993,97.74442511237937,15.091852857307694,0
6.154675095532553,17.443471568613365,40.994952498577724,10.5743460399051,1
97.13848853722571,22.41502706828847,173.52519248979246,33.3730775918736,1
9.10019163530473,26.47695127773909,163.70182996870355,28.290922754578478,1
89.65859580131675,12.720069327879957,129.98578238206306,30.989187088663652,1
55.13160536319849,10.483961685333922,96.00959317776527,35.14464924965928,0
99.33165563133353,20.360208181343957,156.5944487365833,34.08432804473502,1
12.010673649862891,24.4275323162965,23.517421888223325,38.82760440786474,1
57.61615701812548,23.106268908521855,142.2917629694793,26.078052365563547,1
97.0837408838144,24.1365958169004,22.467746514032694,24.65486897979716,0
54.694295196164134,13.631916129575057,142.95791925889299,22.056615996721902,0
64.79287062284993,24.71719226907563,49.63816228524425,14.610731285326136,0
71.09612545353863,4.4860626057476445,157.87630458327402,27.178216986460672,1
48.181401152938456,16.790183840864636,169.92757688857162,18.310375729779363,0
64.61801760798602,1.1670011544455257,26.783274492920814,37.63922536638927,0
60.50985963269452,10.412989067107839,83.28160891177083,27.495724128312926,0
90.61001099664395,11.627384511270538,176.57772806928332,27.785205415243304,1
9.317406132438498,12.489008056668407,87.01333847516639,20.6477398263103,1
31.69150301126188,21.168548994006002,155.43855405261812,11.559680559331225,0
95.28909098727308,12.268184936840026,105.97167398363757,10.952312961189659,0
89.57505946963705,14.01211505605339,67.55938342552834,22.700054324595925,0
48.28739151464273,7.888779795355497,51.441039994656634,12.536961342917134,0
63.91259679114599,11.824301957250862,36.580156395495706,28.205408666204175,0
31.351212383207603,7.590819190631393,137.1236744479855,36.429190169189724,1
22.871510173757326,3.1226817892848655,69.57729122814501,36.48744449556166,0
49.051348469298304,18.50000920805996,92.0295831961352,29.77136230396697,0
38.568461662475016,20.378171158095473,88.61858640021275,16.33695494418793,0
60.44733062583285,18.965220034278822,103.91022526196362,35.88990494076616,0
12.38479051167356,14.441327270216599,155.8038862124194,36.58280305939624,1
97.56750672828582,12.013787625197665,176.53308184501728,15.899607548588762,0
98.69002072556228,26.036675837582933,73.36515754328705,32.12278257312032,0
71.3253628318758,16.053371768950324,148.95340597913454,18.59558646781369,0
55.929154802691436,14.896274451262197,137.61500303784916,34.07920937058789,1
34.405123547201136,1.743619908386635,103.23521126200319,39.91713699710808,0
82.31052687216012,10.896187001158534,172.08848585014795,10.900780159881784,0
70.04946139261853,12.025672944789855,36.085412795112504,36.92097597372796,0
20.44860923776467,12.565860646010114,19.667557855731854,28.678916007959742,0
91.53808252691503,17.824998707592638,153.71315405197598,39.20147857494463,1
83.14103807770105,16.474473855079474,79.0469669940747,23.95028552579283,0
95.23099176273278,18.629247691009894,152.45439375727088,35.42163791714121,1
73.9433532968942,23.18161458472172,160.75623693517468,11.871822057948316,0
63.27444361390004,24.57658642276671,11.242366851432859,20.05837150234887,0
44.73308844760879,21.82556921056834,159.02365733749093,12.0104961325363,0
93.60920591863126,28.710187182693105,80.69742996649599,39.26029400437211,0
87.27606950253879,1.5287448976144873,91.8778480207618,34.5092172181551,0
9.295773660087994,6.677561584822837,112.78665199677785,35.57642263737911,0
7.50486257723894,1.2193233743661214,166.7488692114156,38.13895694301682,1
40.76401985341471,19.776766710483486,3.4408969973575254,12.55310458359356,0
82.00256642427412,27.04288591954962,85.83182429720708,21.5679277754,0
98.79123228491973,8.06098660071268,123.78996763750092,12.131046671320064,0
19.289604654835177,27.884001799092893,130.08725238568113,16.32379304650086,1
61.442417958452836,2.7477543183972646,124.65583767667944,16.88097331113017,0
41.18463137994704,28.098644777359915,24.198323293461932,24.07321633142736,0
97.1418677923873,11.197057929949398,53.89120590690262,18.056865023609276,0
85.00129769789233,3.941204025027279,64.56879457506243,13.029343204532832,0
84.6412269475581,15.090281016403443,144.7986973823109,15.02473267282323,0
49.52585018052218,8.44652046389473,50.17677703461955,14.418266906562728,0
44.40785272207819,9.261314156895763,37.92689349609657,39.19230393736895,0
30.973671833417093,9.91140898286231,172.3406434268573,32.778775207554204,1
10.355672181838075,24.28775103714724,1.595391320424402,39.03284395808686,1
87.14862574423006,16.63567702358238,179.60775402275607,23.192214595237257,0
82.22559586735737,10.027923275524106,121.82783379433121,18.351054449879697,0
99.9731789621824,18.699679716016632,149.12447390084108,33.9487959162756,1
99.68049952202101,21.768369552472613,53.031491342314766,19.787617541234404,0
57.766012032249606,8.906096021272479,2.576749980070796,18.98150121116045,0
78.0538044421485,12.992923944235194,132.81651334107542,16.975179766234938,0
94.75274433883067,4.534696706771479,150.14602746012164,13.890369346727061,0
85.71650211435409,6.253331136505729,133.28570375163343,17.693891830502977,0
28.498069665603776,20.7524177649845,25.713051714150946,20.65959245421663,0
47.801692854458885,6.261712083173181,135.61702600625443,30.219826244371912,1
17.270144439392023,16.229738126344746,138.40610077937538,11.876945266583547,1
95.63484758957863,21.56234158995055,118.53729282060988,16.315208189960288,0
62.586590272833604,4.099430769747571,137.90086790320552,34.27070920875029,1
26.72106652282896,17.4520543692382,152.2658591419918,14.407657707513124,0
68.8115650185564,8.44032072733955,110.44874056274251,20.279354395675647,0
63.72218284350011,28.924879381889813,15.948848514542231,35.939767655744205,0
39.02545821311985,15.022823754877818,87.77300574009796,14.64775933430328,0
15.787971258964756,24.373783943479584,13.976880240888912,12.482105068545696,1
68.79945358131596,16.95656972253159,73.35774558583755,24.536139852400325,0
54.429231585860364,2.2589634527897555,73.27916804261298,19.07258533835609,0
78.37024721488574,19.361389892226647,11.881771945243484,26.902250934515624,0
54.41553260563937,28.590696923993054,62.787696114506275,34.11414671450426,0
85.95724253026131,18.446742784243604,19.97965778243667,14.114454644582295,0
57.43114968357612,24.756476923376916,145.48233780165998,27.42097253662855,1
58.2891072958617,26.641987437103825,170.58384467360474,25.165262811695918,1
88.28209225254278,7.614313386519042,13.016965546428949,14.322363580395987,0
43.330872290177716,7.149300357338573,171.92073731250625,28.71995456586947,1
17.73144670281087,18.71844867667876,94.06378788061413,18.20921253582315,1
7.734354249767202,12.919825624394436,53.9218220316973,24.635029556320376,1
76.7380392889938,25.35597778313489,13.835173549709431,12.468169728311857,0
63.92940737857914,27.100670578542324,90.11236825267521,23.78752171640869,0
71.88757796942623,11.249219999778825,143.01279800833476,19.19390404128461,0
25.23159534334652,7.86924621025998,127.27556590800567,34.67143633556063,1
17.955290180743127,23.635239942071994,9.040682063515277,11.709361809921049,1
6.381743238448783,8.969375030895947,13.122330366222632,22.5582182475499,0
38.305818086626715,24.855815236896674,72.51719087387468,23.75294272394314,0
61.042180251190146,13.288409355814123,53.15228892862979,31.750182288973562,0
42.26318428447457,20.358947079452644,41.82917815008861,27.22862725270633,0
46.56011759225426,3.7705241012053774,50.58080980356845,30.01637011582543,0
90.8950759769061,19.091920415620617,144.62689379343922,33.31147856955268,1
38.08426936721353,14.101262683379645,167.2610496537337,35.86608920974567,1
53.82900147018203,18.01164543208875,72.91848501496196,19.416264901674115,0
79.4470362104086,5.872412024601039,163.09998038384947,26.14068116091709,1
42.671564320520666,22.36933860338128,57.86922622461875,35.203242353175995,0
64.09823652164798,26.021115248753627,85.75865754188249,39.68353392895169,0
86.92455233094078,7.2854542026324935,40.68521960687995,36.685579331312894,0
95.204459247476,3.77572211008469,115.28568759165192,21.144017878731304,0
18.971980688258604,1.6855189953437555,176.2166007314656,15.854995516559512,0
93.02582439034197,19.617173512854713,108.62875728780816,24.68177612219766,0
51.751047842556126,18.605727046574643,64.40653514043879,32.249243555081264,0
29.533216888401043,16.85422496870803,116.6071402782951,24.777072122598927,0
48.61789684263482,7.726465787363287,22.125722123769762,24.495425899410055,0
98.10309465212032,12.336273881259926,159.95863444777174,35.14691263245402,1
51.79871892932261,18.239813720399017,90.55511114037054,20.84211337201559,0
36.23140297731328,15.406238906915911,80.88295356713557,35.79384024434937,0
65.17308116008894,29.64578008623173,105.45566192163345,22.204144028551706,0
27.81383378392834,4.95675282414526,112.46109530209245,19.84699317035018,0
12.207016170323072,21.15919206738022,12.919645120772344,23.61969733599097,1
17.243573581511676,12.725244275024473,122.87109982021244,32.87340876024605,1
17.164354700988383,13.417788832842827,43.54770245679533,13.780060835919828,1
19.430755883667963,21.81033520408711,128.51147385118617,15.89257647616052,1
18.188581401693963,21.08064838840672,148.0562629891554,38.543344769892755,1
65.8831007563054,29.74642381736346,144.71253135945366,15.26474882144072,0
22.27860801791876,4.723434394169631,99.45017413342003,27.031819537931636,0
37.838391915767005,4.019179832140823,93.63058061593522,27.379433999858136,0
90.19489894107113,22.005825696733492,25.71767304109411,24.688733861507345,0
50.026355824972875,17.773220593185865,139.5623070725644,29.34235745730456,1
68.41798515949759,8.95065933023437,48.853688480408586,16.894801773928553,0
21.370387764154835,3.3031617006806115,89.40517610723037,26.579868033302446,0
23.267456786823722,3.4840892382964856,51.169336726953006,21.165197657406914,0
8.882518545315492,26.931535365259432,24.089105339944766,29.85001778887567,1
21.04883099185563,6.564152416843545,113.32038544051258,14.236706301194484,0
31.46608220803607,10.377775301350102,9.779766268122689,27.126322505184287,0
21.81599600629095,7.573035664582653,134.756142142716,15.558110661499711,0
13.426740706920283,11.294892869126182,57.165623147001,18.359291893451093,1
16.460407754557075,3.0132914396367076,0.024244740807357612,16.561294009707495,0
48.77398296310895,16.05273393633984,92.00324506270137,15.485133396064512,0
24.601703248550287,2.9607643441742324,8.433343534968563,34.77132854682001,0
39.60563679956717,24.210338726848484,49.710520407761905,18.57122702982671,0
52.8246407312114,7.777650375402557,127.25576774202891,37.81371345593348,1
70.58750871978971,16.660345523530808,11.284131891935855,39.09779576035572,0
8.734653284904399,26.522293539282288,151.08092862408043,27.13781409811292,1
80.94398789635905,19.87544370236863,0.6875860785449595,14.290033679971792,0
64.65053700163624,16.455775809988722,44.4282964563424,21.236447301387436,0
12.767108035142831,10.405678840345892,133.36273010737287,33.93196790044642,1
87.98996929014383,10.65705547868774,56.92862695127522,21.021721860912116,0
92.48287805052226,20.415121700747513,18.340629851882436,12.610516549083663,0
10.802406186212057,29.830041475413857,64.84210538407702,26.703547327845637,1
31.303376573984355,20.19333650563198,48.6707915492146,35.35362554488104,0
81.58912158034083,17.17571910373072,151.68814238889988,33.87779161430507,1
76.08467058644754,22.188864796938137,56.402625165325766,15.253694203910598,0
22.529496838855845,14.490962756227827,142.0078449196813,30.182938432374,1
24.88818571698748,2.744127935422771,160.53698606593224,16.615127903069414,0
40.19484976518129,17.306607660459385,78.08713552377532,16.546226036565166,0
51.02968359314703,28.771133250656025,163.78976589379056,36.22215319915556,1
63.734203295378116,6.083785328372129,67.91724971337472,17.490068582206906,0
40.04679575912838,21.010141833799306,173.53411496821948,17.897420395540337,0
48.94079803264905,6.827076971112637,16.072114414603128,10.019601722838987,0
76.00973912270688,16.539002849719356,123.6634679705837,36.12007102376553,1
8.484904274606802,3.8036170397548688,88.88652728224716,33.77784439627404,0
28.981509712681973,14.060757151487369,69.77678498201647,28.81986805272034,0
72.76821065903248,22.928736537962138,113.88813817474816,32.507972918165265,0
90.04464958028393,11.07957420293048,126.69427649417962,14.561457022734754,0
53.60935700098828,20.282440010129324,0.7853885370556357,23.749707837627263,0
55.550781100204986,24.068048862902145,30.05155597449577,20.536581620463426,0
15.181341077278725,27.888156764904128,128.34828911417736,12.813295787710494,1
47.50417484822819,7.804620373808152,119.94937444407716,24.583914556447723,0
55.5986403132272,12.580161558469936,173.8885509231619,37.62218951027906,1
28.034697845299316,5.420064386582106,136.98680224514095,11.201773571520835,0
30.57810694019119,29.78202156259288,171.13908739164086,18.743827404813814,0
40.841995494939155,27.883028069804563,126.45729027626525,16.226228086171105,0
6.906763788884005,16.65875677813623,53.64939755509977,17.14439960997089,1
35.59752073040194,25.418965536916218,18.965686005154165,37.25303655638126,0
25.08756066467174,16.107781340889225,140.7282954020884,24.042071627028704,0
36.112248456901895,19.08398495208003,115.94685986566486,23.988982388194565,0
16.377402522828866,3.584608531364482,8.673482230793322,32.81726927365847,0
89.60009167029003,22.90284219440743,64.8090838621761,14.634766120147773,0
61.39128308763462,4.70369102542181,172.22396678717152,24.617960623001522,0
69.51472031872652,24.955961277323322,90.07220622783622,22.899556423631793,0
79.97126766769713,23.67881454244119,77.89124448354684,27.907320716399685,0
52.35200889826044,21.553596234546315,82.38592892867291,39.98673109751316,0
13.257427368305251,2.0486510352181013,37.59889032092947,33.08346682246142,0
56.02512147276204,9.79072232241453,66.36729075566313,21.935971090522816,0
60.749906211983514,8.630264527414443,66.56638607769179,34.82659156822141,0
75.81675004751135,11.443955816674054,9.423903633745033,15.121250899374406,0
46.00765689181954,3.5416396561513177,138.16217313322528,10.913910589268804,0
17.120128765578556,28.17177686790082,74.97079774269821,16.133451173928194,1
31.958711050878826,17.06026498065891,147.9923796269562,20.21234668342779,0
39.49281815787033,9.860205009082684,153.06264020158116,25.317422723786798,1
66.36213792650211,12.512463995154219,38.15892984575845,28.453874216235995,0
59.22393894354663,13.968873674640234,118.32362679062314,37.318171516432656,0
38.82918896029539,18.417235667457902,85.0107247493367,25.29562028651373,0
98.71894863533308,15.954703403198435,158.42821282586732,25.038269338771883,1
62.54860783890428,27.6623672232181,38.83332225176174,11.507290294689463,0
27.536545214919474,15.411941004269078,122.00637605580796,11.047346579686714,0
14.669334898938356,29.772582429876067,109.39538200549006,26.53479885749116,1
19.52161822251154,25.691323774607778,53.1542659629299,23.145358397450337,1
28.365984196528274,7.046804916362738,24.588162657211072,35.17541184940896,0
20.26473045965779,27.98726122467357,117.29515688590978,14.820387541355355,0
22.723867284874046,4.374625538678806,132.94754246381953,10.749149863511487,0
32.084041025915475,24.706041546244556,56.812921877403,23.47116303790378,0
21.470491553001708,12.038075510820823,116.06986872401649,17.124356702567724,0
90.19271533951039,26.461255292907016,71.12356337007058,11.488431200165124,0
12.62220583785601,26.17364401311606,128.37723899087118,31.73794860542887,1
54.82858200917419,24.371836603411012,35.85874948092956,13.347789998717424,0
43.98769856401784,23.91088265290478,160.23870047451138,28.24958500023315,1
98.3259686063176,9.835695033843184,51.73372736380435,18.431492505006673,0
15.643695705964973,3.3466592084863134,66.20147779610753,15.204881510650662,0
42.79628190934545,12.686425184189682,10.456551374462961,21.392545687579524,0
97.09969116116004,6.032210934608751,20.07219821782975,34.043373286688606,0
87.22317695992813,21.15358157817139,92.85514248821906,21.76280730713718,0
82.6218467401816,11.03689206959578,48.16668181103487,32.52308947633167,0
29.500768569269283,29.29269582493753,150.386440633595,13.76458890397452,0
21.234320802056253,19.58819024301463,2.6448099578916917,33.183142589952375,0
68.52110589282094,24.851936345396467,68.23692876094852,17.107999747199457,0
93.29071896712065,4.8432155095136045,60.72219841843668,30.321793896666183,0
57.89247483632333,25.998419985906054,3.4789735651681863,26.97344664522989,0
59.303205499640484,27.759958524888436,22.38631182009184,37.87434151635062,0
31.598013897726997,15.124795645749142,74.45568148535435,21.61967553925942,0
78.10182865323401,18.581335194778347,88.71562520054039,11.984955665033214,0
22.76915611296472,23.17948422618687,72.77215450587644,10.574664566537587,0
35.74952745840315,6.070320190551964,95.56878211417688,34.8057568291826,0
45.41646166855959,15.57441621743983,107.12370148302267,25.742069129842967,0
53.22298597502323,12.56122780539708,1.7862878030104135,33.25732155504848,0
28.028924579432623,5.244845772705224,83.53712870163069,17.032768000345442,0
15.909498350224336,11.658498246454412,173.4298633597659,20.35251236539701,1
63.0089040319551,2.9769969721793137,93.42581042331877,10.903116166339569,0
32.4199025578243,1.7485453015351227,121.95760814261158,38.844769737223366,1
60.217631035148166,4.91982238548986,56.13549442503898,30.036037201024403,0
19.664457951049222,28.93033823608604,139.31844806749726,37.996152632779186,1
50.70830967620766,16.936356540955494,139.1258667377007,17.96489222287217,0
55.595996092400654,29.00884267344338,93.83328857774501,28.343908336769825,0
9.923235998130556,13.542438471573828,175.68248819025845,30.354999048779135,1
36.977406428422455,10.042667859472527,22.599038657277607,19.526491007727653,0
17.769394309202553,15.67811402236708,3.050579680124579,35.4432770504689,1
11.020622194912935,13.745838970354393,138.62847811627728,38.414843887007436,1
99.0462220770448,4.064275843590574,145.28799672567885,36.54565353088013,1
35.623615272598684,19.58396312601598,21.637301241703724,32.17200927818118,0
81.93807235619032,7.265107292778389,47.804909932549094,18.32394039174862,0
29.190862202557565,18.968050692037057,3.1594254059932037,18.44848126316895,0
69.74275861127327,19.855831679546448,52.795549940501644,38.90080961338114,0
77.22164668952023,5.408720740730795,139.16553730536089,10.30853487807076,0
61.585680357745204,2.7791391862093766,93.2328949882642,31.481499197264334,0
49.799737912265044,23.642085995984754,62.65720677029186,31.187384876657866,0
44.12488684399051,14.334212289310285,66.91307308313945,28.680686228493922,0
38.14248532158455,2.686750069658798,0.24365262878426774,39.70326538260598,0
93.30526870354346,29.851123197923247,53.96409496174246,19.356383072911758,0
83.90884373983427,2.6756362688946327,116.36257349482749,20.199155913797448,0
96.67755651331869,21.156021636898043,175.35499988694428,12.368182088396667,0
16.80823623112675,29.526688832638996,152.47094885710192,23.283944096312123,1
74.4324101443462,7.936223022261843,4.247093636195243,17.831455787045442,0
94.1423433979986,5.125231691928689,161.74090884147108,20.301601065329326,0
22.217141285737714,4.520163243250438,140.97571439375267,35.03715370766883,1
11.317145399843863,9.794979279460271,140.46770224277648,38.06453540582487,1
75.40646168255562,3.930328519308754,82.43923662064287,15.571992160155569,0
59.57494575209163,21.072678909129824,71.6409527318105,21.175267946603974,0
84.97373379203584,2.806462145771818,54.52483118997467,37.85891686346182,0
18.2783757794975,15.773241716343902,11.82507461178584,11.854253820676679,1
80.55039462668957,29.904208761736328,41.08236542886584,12.770815843341357,0
24.15459540453573,24.605137815674546,44.38865429604443,14.883729676186881,0
20.54731457224193,18.841363708699316,87.13387254783629,27.856385023806244,0
20.605250803444328,9.881355002811738,134.53999318740492,14.514168130179925,0
82.3845984219813,19.092979252457514,85.28576911163039,39.042291443522004,0
68.193735966139,16.2842024534379,10.41200090048891,23.401435817755612,0
54.69121535306633,13.356418132820773,172.4021641778767,25.045538810504993,1
39.088895991732734,4.790600925465785,169.6903774369402,17.399758474162194,0
88.33405137724529,26.711522241973537,141.33411776671352,24.128807573042003,0
42.28228520515036,14.043754815818353,178.43902228155972,29.857408979110346,1
82.57694674979983,6.6440528428021866,98.00681990404733,32.53531410862128,0
46.71781631417075,11.6650211754414,173.2983030455771,32.61604248129739,1
40.80972079536622,13.009762823338884,13.60890731101514,27.33673338082265,0
48.954579638612614,24.998598971439353,65.82253468704684,37.13079324981572,0
33.6308980455935,22.27481703628066,40.56862824121785,34.52223541918328,0
76.02289111674385,23.309841915598856,35.2499551441686,32.71144344095876,0
52.75843705878552,1.3199066684307692,25.344530800681696,11.668165650413819,0
27.060206038947644,13.068465947213085,112.0344554818794,10.20633886658948,0
90.459584461084,14.958980397424385,140.6379340345149,16.37341831586419,0
41.46966603045509,1.556576027868644,104.09371189566492,29.905707817403567,0
56.63752180582892,8.534583053605992,26.45328772587774,22.335924666476373,0
91.11485054163195,23.048404870541916,146.00227858802475,22.07218777897935,0
64.30260961182924,4.9761814661409725,114.47184728947113,36.53760664688841,0
16.105313867294587,16.523993812125156,69.86982710285919,36.86688544395516,1
94.28405174328013,7.240854288499888,121.34345319649134,37.275257921607576,1
64.6322650417847,1.351502464672905,46.782896263709915,19.416342295450818,0
36.81603339242318,7.994842270386703,62.13459752895789,30.731674382177854,0
18.230846903021792,29.30033889239156,165.14745176375823,18.14899543823109,1
80.43239298067812,24.244576244606698,52.29081102085567,15.718294992233494,0
63.90691181320879,28.82772268530997,84.59788826842859,15.538973720421076,0
55.67880373775054,15.147767273864511,160.22540473128262,20.26322862590782,0
89.91979538984097,4.182349761647602,127.38984304815494,22.89872859339465,0
79.91673506633042,16.890825180237094,11.196580709646495,34.92847513165205,0
19.40911357461136,14.176942702238865,26.51454797021466,13.596732804181363,1
34.61359644057708,25.48635539944886,1.4114863389450272,32.04777542184682,0
28.606468282374244,3.844394842743093,113.56592224124941,25.94364742567916,0
75.67489779440432,15.158992973631568,80.5812165738753,18.638360280279777,0
8.185581299899042,5.3514112761255435,24.169473162409595,24.784587535984738,0
59.13952006277507,10.415601879811739,172.4281417902187,18.99826209331068,0
77.4335751453656,22.38335524424619,95.33875031021158,27.88245865714918,0
88.2927354923662,14.804525751694229,43.54079294032005,23.015317685657326,0
37.49776612801121,11.90076026922731,90.10864280784736,14.932165872366362,0
83.01944394384122,12.439812078531023,122.33165989231941,13.497492236670901,0
15.510015010744686,14.323956283773612,13.723059235241607,26.400870462163905,1
85.41296771477923,23.76547977127465,49.44668670862056,37.0723909985831,0
17.111422921538328,26.870455979266797,145.25378835911886,20.318730596730568,1
42.74229260323489,28.70470590861392,82.73967667247902,31.990003216678698,0
80.7430597490576,23.820198201403556,98.38388556581309,29.75984064819301,0
19.242155598133508,10.14679997669237,77.90688039770447,37.946647429284425,1
26.77888254710094,20.95590647650972,7.901989675740921,34.629430518974225,0
73.6139939973413,13.690490597606367,29.834960367628067,26.99815776716389,0
73.40347097187707,8.385448039335484,80.19749497354036,29.71091494702322,0
65.90902512410324,25.385275803351757,37.65338377342701,36.951593997521044,0
70.9251022243745,2.114364119907425,8.996225158742172,21.985563537608044,0
56.55882211802164,27.151097771927283,151.85693952932826,19.80384117573332,0
28.92091059616051,14.38284647411729,176.61465524954085,10.32433250905589,0
37.84111938287235,19.478842827440133,142.7657173194131,34.79653222574393,1
22.251783096135437,20.1212637439677,153.68128590684006,34.02942101210095,1
91.30280332669469,26.958414480489555,43.55588345706817,13.13363554300454,0
60.42222050278144,19.463420782849013,172.91285559237596,27.305721433981006,1
43.080884592545786,18.80407395804179,35.44662680161711,23.919450945006623,0
48.8905513461926,2.932909176260009,171.2573658651298,13.561272865273343,0
94.99191726312246,16.03383263641092,179.0674729138712,39.417046811821706,1
19.56838329602762,5.354901023694208,128.11010503428878,16.440876623900664,0
60.69183404159574,22.385579292923083,176.60587172252795,12.017025402716834,0
53.05942449402427,15.85443570356756,102.51716032207867,27.845421385057286,0
63.088152366291546,20.726605597042244,46.71752097169626,32.16600031399098,0
6.720467462979848,2.208514117469144,78.65925941981176,10.973303381415608,0
87.85177134969439,3.4589684653282933,106.84096836818148,29.761529161810664,0
93.55123683594317,21.773378253817786,13.154681164862698,25.968756278543633,0
58.68765244097485,3.090445743961528,112.0217876311043,13.097950266251452,0
71.18182826830477,3.0664451051924995,176.612010617213,15.17571630839086,0
92.6374412118431,1.351145781811736,34.21937696107097,27.039228919482415,0
72.18767025977287,28.738540550684924,142.66712093190898,18.89072840539865,0
19.49120907685483,22.387742424311202,163.42178288033148,38.14947185953948,1
59.74739421584725,11.24429084655986,169.86628670763974,34.56220688452152,1
62.63792940637131,9.599531857342,172.8244087929805,39.50701619540989,1
45.29241377372667,11.141393662629637,93.86273496986495,17.790125168512418,0
74.96220238434867,23.464952404254273,175.91542343847067,39.09170898393931,1
93.76486640305642,20.179747721042016,136.315837284199,22.937016093746735,0
92.92900872614375,6.37067146815657,29.10085852265314,20.42556385941264,0
47.82974028339255,6.049170724688446,85.8420191642346,11.510485809080597,0
15.757614354871748,3.853473841688522,129.29961156696072,11.582957735788078,0
98.55991390142178,20.148778871338806,44.521256847435,30.76033767839964,0
84.69531821236374,23.16680720443034,115.31073303879973,23.737869833020838,0
16.842954714310352,8.686346421425117,119.98808622839147,16.795648781083173,0
92.47997884865038,1.6074038698964714,29.28595388554186,28.41910918975698,0
87.64015439590219,3.382978356816393,101.71535624149612,17.585743547503334,0
54.28961542697685,29.067941010505884,138.89284397614938,27.32895263033268,1
61.17116639576828,9.567898546845187,89.80121961646955,20.776262409480708,0
42.905256867662374,23.307471287305876,2.1785610196993366,34.70656679835457,0
10.202355688092977,19.11524349677365,1.626924434272592,34.62088482300338,1
36.843737956360584,12.076249549933982,64.2652819146022,24.320511943672038,0
81.27107761681108,6.964930603671098,166.71493231772075,20.52457328005047,0
5.440042185437272,4.520206126622787,41.161820328649576,20.87679389677284,0
36.6824213106587,18.835376073127133,114.18546399690369,34.171435770046536,0
42.826025891139615,23.464379638495853,39.973656724797706,19.84538448392836,0
56.05258227910267,19.67322335269279,57.900598138718756,16.27178121120538,0
92.38628355921225,16.37876186422559,152.6475761282671,12.540650256259205,0
37.90286946476632,2.2165854795174518,131.19505960859044,24.00079362653225,0
37.96055418014163,29.08617455023713,17.171869916377915,24.463962967595258,0
75.0626185704261,24.162711557982664,77.16636377755805,35.227261312087215,0
47.96070438453168,9.491839064327978,5.250557456147604,16.637160893381918,0
26.337458179298288,29.41913955140667,86.56022638854162,21.429738210051998,0
47.98175403260587,18.45456609945334,119.23812210619225,34.25217216681072,0
18.38141693608099,17.89025708801015,21.33047224766728,34.70870832246921,1
21.756763718091214,22.69412220345643,51.99928900364982,21.538332279363047,0
52.34493841025058,24.54132385461399,71.61059259038825,23.773720698600428,0
44.797917702932054,20.037879612613576,165.51558443808895,19.098576725478488,0
91.9103606014695,4.714776644619801,178.78590277613353,37.976646352579365,1
39.427420416080146,10.809757673840453,8.084033819210854,13.559312972247408,0
60.155893276414126,27.914425569455442,136.98142622917058,38.0124826900441,1
65.06510735235538,7.5138527434717055,66.91033195242179,30.515993555060298,0
6.243973375891695,11.792843691287887,70.6424735213064,25.947164580601935,1
68.0360503415875,13.530229605381685,135.7676952024641,10.979771823534875,0
21.913416852626387,13.742744701139113,165.31675778617355,24.26788575466025,0
96.30168015959823,18.77524789234124,171.1671470104587,22.23244315008197,0
19.12295913654573,28.34919929459652,103.88206548689774,14.836564359253677,1
44.38929175406725,7.980088643142643,64.28180867409051,29.692288105019706,0
13.108218467471167,4.523539912726624,141.75883545458026,39.13452722104857,1
99.703053925365,6.726644205938182,45.18024898721405,26.865664331935754,0
52.70852598146804,26.720822106068816,101.5333251900332,31.442598293318376,0
61.56157664540416,19.728513567000974,64.54412307447717,12.053513576980503,0
11.37226535190061,9.291296887935644,118.1935932674177,22.530009874509844,0
76.24624468792189,24.6624612300899,43.271804320831244,13.490754554934876,0
24.94103134408065,25.979729894539645,34.48673023226864,28.383875066095314,0
90.31515749686781,25.548915822018063,165.28303560157866,38.15446474642464,1
24.488265845790682,27.64886947554708,18.32466293091664,29.853331974149157,0
23.115333463048323,8.314989585027487,91.0724233922877,12.304091449432645,0
8.472218445569013,22.896215933642072,39.753500933341606,20.639986149552485,1
49.84635978544993,14.35564542095006,7.007393398620141,26.519901383225545,0
58.65990765994856,25.417958033811786,6.483387292456751,22.096232683997567,0
11.242320745693474,22.126229637686784,31.53991897904892,35.00932031425517,1
78.675123586026,23.516975948492014,156.01866381108005,34.440130141299676,1
48.062439301062625,20.028693292751072,50.846173915864796,28.354930603096644,0
54.817075586120104,6.145434314621499,171.08265070355324,21.20373835398116,0
46.87246095913167,16.80578064801121,104.69201273805484,17.660091212897324,0
43.07249078315597,29.555422446210738,78.5905541583779,13.17622954639388,0
58.1658314742807,28.18425392841645,104.41599024050183,20.64693050459662,0
19.747823363417687,2.2520383381133384,93.0057093407282,22.395175516231586,0
22.283172397050755,5.779629656153677,136.57972567631853,30.27468775312221,1
86.86963399628414,4.8201344301822955,50.84929187511341,29.744794728927204,0
94.88096890269512,22.053417389573568,63.549070488054426,12.103244189237708,0
40.46438504657653,24.715774565851408,160.93697445598514,21.857779462934733,0
30.720743948637608,7.191829623009485,170.362172367073,15.453366016520857,0
66.17995660770649,15.669728095603041,160.66048094756542,14.70438115950417,0
43.82974625431916,25.3803878123248,75.50063891231645,34.81906449211738,0
7.411703787732762,22.25124479822127,140.4657905412387,11.257456501487725,1
19.834496749788084,16.7248789592636,85.74043199419778,22.57548627706364,1
73.01736174050276,18.120083023304414,89.55717338629839,15.046109672995545,0
67.59777448146437,15.742455860572118,36.84241963031111,36.37990647035422,0
7.574119287830932,9.628905088245796,106.40345458653296,26.711215398251053,0
26.087355383630197,17.385637792911467,33.50446159560263,16.94141909130544,0
26.952105675866783,20.977673759452628,59.68164583209488,25.07281861499129,0
68.82981064187919,26.326364559963423,153.90543629158833,31.944590791093475,1
6.872501086664595,19.452449265398194,37.27364565795394,38.743540267583015,1
14.890315288534515,23.07252457425158,12.808491331217907,16.613380127362568,1
80.99202811045299,5.642077413682617,12.421366670306934,36.58545316388035,0
21.96174289516169,14.385166758173908,169.3412136905594,38.02912342502471,1
67.01088024592809,1.2706169749857055,91.24567883313023,37.49261633596198,0
27.627364199439018,8.153687071127067,73.6941729270633,29.062430705857295,0
14.44693231213779,22.06738973827714,145.95814458142533,28.89461963304123,1
28.101358144948136,29.76248858913154,150.44866702389288,22.096318995514682,0
73.61535852628762,3.8761648880292614,59.79438596080883,32.57193646911364,0
86.29116447009714,12.64333515997736,124.85125034528315,25.938820550527957,1
83.8708871338642,24.202058092275625,138.80210685333958,30.323142136848833,1
42.73243531375321,6.917033404238066,117.83712363587182,22.853737115463865,0
68.46808797421139,17.0974635297663,27.287113464017885,31.94489392129417,0
24.473508064502994,22.25906758486057,157.65895503307027,34.73414552813647,1
32.84903437479626,18.86357805754519,97.03701949248156,14.393087698084484,0
90.15190275950638,6.452717303847068,50.84503674660066,34.987891467226845,0
6.235182733519924,11.306152491886444,76.5410733787849,26.208895953709217,1
13.123310431174467,23.72996175007652,6.762796271803328,35.33997727270673,1
24.749194238872594,17.072568909828483,23.01602422003516,22.939051190230437,0
7.520559368012873,1.1516587927444695,137.79841509285495,21.37121456149105,0
22.236366333530746,23.068732040814723,0.0020942559659054005,37.45182197551667,0
60.38894829212076,2.024029293266933,74.98184912681259,17.53507802645204,0
45.0353323062873,22.626279699205732,94.05183259540593,35.32636975858429,0
89.8038125523126,6.871936244791885,9.834195600175013,24.520617175282123,0
82.65713836515188,28.784130923462026,175.15406933501993,25.42286327653779,1
37.472648411298216,11.67028178776045,40.702559624940946,19.25404844468452,0
29.645226175972788,10.481016873804293,54.75576953453056,27.19126601857047,0
41.07077877589035,5.317753459640896,54.709652205904916,19.756335888286337,0
61.07801953890674,9.862522249216232,41.47499918112298,11.178082427249569,0
30.466045878173244,26.422872093017816,0.2652879755360549,18.15995816033068,0
64.29414624566773,29.893695791190172,131.28206293583935,10.19137130219772,0
43.89410695816784,11.680976384698601,174.03218996387136,39.3506436117057,1
57.444482180938124,14.009708297681735,40.37282699130811,38.97241629459242,0
46.43202026785509,21.940057207879374,119.34849452461603,21.85465892416915,0
32.97424715648218,26.699677633487163,133.5413388525687,31.85112563018938,1
95.10306416140489,18.19828569141674,152.71656823629445,20.37418295231275,0
77.54255044517728,12.354245247157051,76.07325546244964,30.132794712579283,0
18.31075169781299,12.966033384610089,54.527563015277266,34.16290129137937,1
87.50445771030172,21.1729262484074,58.553124124145604,38.40268734076722,0
51.3059638337038,1.0933296445240819,128.2718399577323,22.00636827549016,0
89.98246155493868,18.96809078633538,147.0203039710145,33.49893948868143,1
80.98624931499495,11.309297302799365,32.69051419618848,17.977853518963563,0
45.39528292457718,24.031722607035444,66.76938146839774,39.70996911380945,0
7.134584290411153,3.6967285548708326,162.34923541484702,10.773087962930534,0
30.52434914156988,18.057865741503324,145.20483354505305,28.10586419503363,1
56.45525039278236,14.948213806697588,177.27451249724564,29.785179449539815,1
65.180430883484,19.627440251251596,135.76468674277453,30.641366712223864,1
29.499330116154216,2.880754240006082,70.77513618502601,13.611627363672671,0
18.238827036918295,17.819529835415807,106.3148101190348,38.15589350419391,1
84.31837249593342,17.283053050826187,118.98256576451766,15.435498371502483,0
98.51820716683746,17.259142738068956,14.122046937082311,28.682602097195232,0
54.94056731875516,18.50114233129719,98.00945263869572,16.68028237369255,0
21.309532155588833,20.617570179564506,127.67774912506972,19.216492510638126,0
30.869196019340052,24.344680990742322,30.117834720190867,26.39375625184373,0
6.747114272009339,8.824800883718215,140.51370913660028,22.515802556937295,0
91.8583866232474,24.9264328952218,105.07910049254009,14.806768029295188,0
16.186352874563408,15.449414785640155,171.39992142556704,15.12809207262545,1
59.76906517385409,3.234690094895604,7.636013677240506,22.544343644883988,0
31.03524596528457,2.6979769480753966,47.758704759984056,32.718489348265024,0
57.64691023900038,10.692911242185763,108.27969827396834,36.93893940543366,0
66.8849368934271,23.76201233623256,53.38078419706753,12.523829867781485,0
83.82547135218415,21.522747107486556,128.5963495328236,21.79311722678203,0
24.610020817257304,23.869833975499787,136.6209508539476,13.007366911686299,0
6.044603722555646,16.00080263680667,18.452873531965402,10.497774418977937,1
18.00413485653669,13.765770940709226,92.49380355721819,29.8515604793187,1
90.50177097556998,5.276123274482234,91.60030000639006,28.073483258997634,0
88.01955736843895,10.517589854670035,66.4705386387974,14.890573414446585,0
61.754244706179286,13.586561619042383,167.92647526254098,17.014384992791925,0
62.04910174119707,3.5694124607088997,148.95113757717982,10.711232609335552,0
68.17848408189427,7.397746628625127,125.49768874373461,35.04841617083211,1
21.660271469227713,18.348533527848424,128.57879443229956,39.24071788145655,1
91.86913486287118,22.334230312936505,83.10890588636144,14.063786103840723,0
44.78319986474695,29.952077830395538,165.77901379738367,16.944256412958943,0
41.39816018370226,28.06028660896317,125.02717690559138,36.05228571840802,1
54.297182001869565,19.634390786520555,131.21659109804696,37.79391393868555,1
9.46176684363023,13.216193545528087,155.10436268172214,22.58882148420431,1
20.796920031827543,19.44914357653875,49.33288608159438,11.518674168072224,0
75.1131935605052,23.783896924326726,145.27276269600654,11.181755010784581,0
12.865873452887016,4.4317495367782325,35.14330853216857,27.218495982070312,0
62.29945039930688,12.88724180119236,62.16155140407981,21.78685326679537,0
28.30816541972549,25.3542662834329,60.40988176857169,10.859572827329636,0
41.98308333398777,12.131155606058277,176.1345843100453,27.4975717693767,1
32.42590499321649,17.58429586558841,154.17670027462682,10.339076097670674,0
38.788908064170165,18.04531146500375,126.21057508624675,33.621158744478194,1
73.30936099250331,6.349811340875541,130.8702170907702,19.192984681101148,0
33.22656298420163,11.504827807916364,101.17310299246279,11.207740090276964,0
58.808440828205235,10.700827373516033,170.47632007953342,27.650566629494598,1
50.22478820891447,1.759704547429879,89.32657551882508,21.93053243299164,0
68.04876070945157,1.701561152849302,68.49318777658101,39.21401240071448,0
93.99882523585201,25.11921426659743,29.34636064768638,26.325959875111067,0
74.59434923497378,8.91905348921156,141.51701740699045,18.257175431110248,0
25.419335966121892,16.024284220925647,132.19990777360647,31.28316593901924,1
7.962397830822043,9.663041634074418,69.18390693434428,18.14476007628134,0
29.915084208483382,28.279698108344874,4.534814512661285,37.127298742226955,0
61.53240341652421,8.519606007107438,151.01951898924193,21.241659115221292,0
9.885452281003783,13.460047569429117,2.055237021733254,26.49605688328616,1
52.154793484117455,26.309177264053453,126.66596033322917,11.517193114726865,0
61.700070647104475,25.41607343696245,174.64627975069027,22.783637138566924,0
36.75316962761128,6.396941117542042,78.77903906667662,34.97090618982985,0
78.23665935585308,24.276655984075603,42.2952128992715,34.16946416090026,0
15.126834047708321,14.287419715398887,126.87678180780871,16.729556765605786,1
12.138089264901833,15.006097290475301,147.08306556280533,16.78237213031688,1
74.17793183934232,4.870919200062369,98.35745689401251,34.519159366397105,0
52.071675039588854,3.337443898956615,174.06634954610632,37.91195260507976,1
70.39822766063493,22.11023990223919,9.300369898432999,12.860827638190106,0
46.30859716735589,15.397373418303692,90.86320769481506,23.501759182786756,0
28.408193157715147,13.668670375840207,129.321710518059,20.12362836892687,0
82.81472017904898,22.155738630919505,155.27528480685223,36.120653663723175,1
80.94450850205303,23.199874070742183,32.266010143402205,12.505747440400564,0
70.99616473117054,5.608336862411253,144.00062671746267,16.33377827674112,0
30.853788036846456,18.696529334851597,99.48727362933815,32.57405012759483,0
61.07191335256327,4.92526838605288,71.37966275819338,11.538815469436468,0
39.292520209302545,22.789877494842326,23.70870514423684,24.77606142142868,0
13.700296966030244,20.051699531747047,155.75323660360422,23.2632110403916,1
92.14478966891306,28.74182401142028,28.309177472348765,20.03203536966246,0
17.997769937301335,2.9997824743362145,55.76181465763786,21.83716945956771,0
95.27254861297624,2.654586913386375,52.20819575323864,25.898217607906986,0
47.370548431005794,9.183425166102804,156.85452615435378,14.841020751651493,0